person_id,label,mean_x,mean_y,std_x,std_y,gaze_entropy,max_distance,avg_distance,avg_speed,total_movement,fixation_count,saccade_count,skew_x,skew_y,kurt_x,kurt_y,gaze_concentration,central_proportion,transition_frequency,silhouette_score,stability_ratio,direction_entropy,gaze_reversion_frequency
person_1,scripted,30.204172876304025,40.320417287630406,6.371464874788701,8.634027638272126,6.954328457631691,32.89376840679705,10.279896870289301,5.552122473907779,3719.9220575182117,477,165,-1.4498171657919499,-0.08519521440354884,0.4181609313366117,5.222036526056931,0.08941877794336811,0.7660208643815202,106,0.8532546090659257,0.7108792846497765,1.693333984316653,5.330188679245283
person_1,spontaneous,33.360874848116644,34.50303766707169,0.8641411148146378,1.3462312926190163,6.510113644303061,22.825424421026653,3.0258538939277764,0.5014966516478901,412.2302476545657,796,3,-3.8109727009750887,3.433110600007543,49.34430591969986,35.522699581272,0.03766707168894289,0.9987849331713244,1,0.4790596611597546,0.9671931956257594,1.161315992993483,822.0
person_10,scripted,28.99057873485868,29.85598923283984,4.436271420016355,5.7278332656442945,7.166516020440078,34.539832078341085,5.720909721966768,2.8596773616256366,2121.8806023262223,535,48,2.7758201538639873,1.0317224289641205,11.259517406926248,17.578740828003973,0.0955585464333782,0.9448183041722745,40,0.8992548904652143,0.7200538358008075,1.870640107959246,17.575
person_10,spontaneous,34.99395405078597,22.00725513905683,4.604841353022487,10.396262393496897,7.02173751056088,41.23105625617661,14.452756672077069,5.515380327480949,4555.704150499264,651,98,-2.8952256644522443,3.2976190898989515,29.286252422353712,9.357191031640077,0.06408706166868199,0.9214026602176542,93,0.9542011322056866,0.7871825876662636,1.785461231745532,7.89247311827957
person_11,scripted,30.737574552683895,22.82306163021869,0.740625127571424,2.2259124478015337,6.827345515860375,14.035668847618199,9.341452999578548,1.4143370677980849,709.9972080346386,398,26,-0.01043142445336443,1.8731232296356628,0.9776941939059673,9.925517758809566,0.08151093439363817,1.0,1,0.5045746626717209,0.7912524850894632,1.935333520567126,502.0
person_11,spontaneous,32.08615384615385,47.02153846153846,1.6344928729018524,15.19044221419732,6.570444941745371,34.0147027033899,16.11562898814726,6.844532105434246,2217.6284021606957,224,77,2.1166866894396277,0.047198736209701976,14.209896038087468,-1.9057538068054733,0.12,0.5292307692307693,3,0.7380681493348401,0.6892307692307692,1.4610412678088636,107.33333333333333
person_12,spontaneous,39.661458333333336,35.44444444444444,6.80038162292318,15.146600836762438,6.956191124633047,41.10960958218893,13.769895185357125,7.893774622483279,4538.920407927885,410,139,1.2553249193413705,1.1722656161267497,0.2604010601662554,-0.5047020204750337,0.1232638888888889,0.7534722222222222,106,0.8823494173378031,0.7118055555555556,1.702922225072583,4.433962264150943
person_13,scripted,38.32020997375328,20.440944881889763,0.7320957679217487,4.822996069898491,7.174648787582524,26.1725046566048,13.91646769972889,2.2300342954700296,1697.0560988526927,555,37,0.0843512249859321,6.391031910542893,3.114185952204182,44.68830124642522,0.06036745406824147,0.963254593175853,1,0.4655877011404244,0.7283464566929134,1.641945491017849,761.0
person_13,spontaneous,41.243654822335024,30.604060913705585,2.844888513765467,5.926900259844783,7.484329391036359,41.773197148410844,10.303728120670087,3.091879476223461,606.0083773397984,124,24,5.130773462340219,4.171918114897994,28.818500513352568,18.319113872124177,0.16243654822335024,0.949238578680203,25,0.6282095332603468,0.6294416243654822,1.6233144033679685,6.88
person_14,scripted,31.637883008356546,20.807799442896936,2.8090659251341155,5.701057963553658,6.9546960037909065,36.40054944640259,12.537050598861658,1.8013680393150309,644.8897580747811,328,11,3.7219384681865937,6.742583171393767,24.19407354785087,44.62123388503072,0.12813370473537605,0.9805013927576601,5,0.5635929158934687,0.9136490250696379,1.5735668110065173,70.8
person_14,spontaneous,31.736486486486488,32.013513513513516,8.47434020989324,8.834830949790764,6.83995340927305,43.840620433565945,7.032795041463961,5.913818680071153,869.3313459704596,123,19,2.9135660629411397,3.179477260121101,7.754185548928348,8.287132797065265,0.20270270270270271,0.9256756756756757,19,0.7118145174763676,0.831081081081081,1.5122416929164941,6.7894736842105265
person_15,scripted,26.710280373831775,33.51401869158879,1.9300713027359533,1.4897429684846757,6.904859099757937,10.04987562112089,5.757272138659575,0.9501349919151139,304.04319741283643,276,2,0.5131940603362238,-0.7911640661937259,1.0531867173786473,-0.42807597276159415,0.1557632398753894,1.0,1,0.42661158852129555,0.8598130841121495,1.6377154786221055,320.0
person_15,spontaneous,25.656976744186046,30.463178294573645,3.036440456851049,5.8903080486469594,7.378804693455965,38.8329756778952,7.151997615931145,3.0360683613694412,1563.5752061052622,451,40,-2.362960099968694,-4.739034957435011,10.101262858616908,21.173223021726205,0.10271317829457365,0.9631782945736435,37,0.5671259081530945,0.874031007751938,1.5353492390025953,12.945945945945946
person_16,scripted,36.06549520766773,25.16773162939297,0.9849383302405267,6.565045398644398,7.105950830592485,32.89376840679705,9.624915989840632,2.2062435329509453,1378.902208094341,580,39,4.695268304808601,5.271187843171161,34.85006982399592,26.37925511862504,0.051118210862619806,0.9696485623003195,5,0.968322528956804,0.9265175718849841,0.7192304431038864,124.2
person_16,spontaneous,15.716012084592146,45.19335347432024,15.253896759142023,19.070615700561913,7.152783159485072,44.553338819890925,27.489756987494722,9.239352709662047,9165.43788798475,577,172,0.23604384548570714,-0.25434099759855516,-1.8907220649474095,-1.9229573613034396,0.04934541792547835,0.43605236656596175,170,0.6662771818746696,0.581067472306143,2.0586064827987838,4.841176470588235
person_17,scripted,31.6046511627907,26.11046511627907,1.9662596650960003,2.217555108581233,6.583933300609104,17.08800749063506,6.397013146410319,1.3934395411804872,238.2781615418633,133,5,-0.14755860775771304,5.652668738970193,0.07475058775636256,53.31475489050842,0.2558139534883721,0.9941860465116279,1,0.30193351271567087,0.7732558139534884,1.8354489702136796,171.0
person_17,spontaneous,31.52882703777336,33.70576540755467,1.9255733393366032,2.8440380361787105,6.517468932519939,13.892443989449804,3.2420871812916516,1.415752511304245,710.707760674731,345,12,-2.001179586439345,0.07220415865501284,8.718768459766743,-0.9324043908468411,0.15705765407554673,1.0,3,0.5379542919322043,0.6858846918489065,1.9655784687549345,166.66666666666666
person_18,scripted,28.64177489177489,32.3051948051948,15.465770665735759,12.407226036676104,6.799200031510549,45.254833995939045,15.28604925258512,8.370146167965952,7725.644913032575,362,316,0.38103689253962925,1.1575219671777786,0.3467371978612168,1.2738373250336386,0.44372294372294374,0.6287878787878788,136,0.5405411456709046,0.3917748917748918,2.2427988623084367,5.794117647058823
person_18,spontaneous,31.7029053420806,26.781630740393627,1.5310485785706778,2.5025540354390787,7.04211949955174,43.840620433565945,5.431776130647168,1.683223526043408,1794.316278762273,707,81,15.936655530786876,5.345883521723538,325.2031428800663,80.27129164077479,0.030927835051546393,0.9981255857544518,3,0.6568224774216878,0.662605435801312,1.668843745218063,354.6666666666667
person_19,scripted,34.06233062330623,26.230352303523034,1.4996071910162703,9.205005144621131,6.539737177148753,33.61547262794322,9.57736145941825,4.990500308186268,1836.5041134125468,307,40,2.4207708658624134,3.5969332217725936,11.684057228434828,11.595127408321375,0.12737127371273713,0.943089430894309,3,0.5758562493112975,0.8319783197831978,1.8118557993256756,122.0
person_19,spontaneous,34.233050847457626,28.135593220338983,2.793748494894034,9.142293817327072,6.4701823944019745,36.89173349139343,8.38586217096147,5.399195524454295,1268.8109482467594,164,28,2.620116374021281,3.5248013383629058,10.54056243706227,10.565207579454471,0.1906779661016949,0.9364406779661016,11,0.9272276344903811,0.6949152542372882,1.8168031253459276,20.454545454545453
person_2,scripted,33.6,34.284,1.469912436263169,14.095605285102645,6.346941954561997,32.01562118716424,10.405197685884769,3.9134351264693708,974.4453464908734,197,28,0.6203517332477992,1.4182735727650773,1.68353118392504,0.08027133518462515,0.236,0.788,1,0.8666636614156011,0.788,1.8221313875889886,249.0
person_2,spontaneous,34.90228013029316,24.289902280130292,0.7209933323705975,0.7986890751635668,6.242592797550798,10.770329614269007,8.278037248028397,0.39666796700606666,121.38039790385639,295,0,-0.585859447155626,-0.2971141137349544,3.486792243301516,0.23921801667505926,0.05211726384364821,1.0,1,0.6066908138513257,0.9609120521172638,1.0510018519195699,306.0
person_20,scripted,30.735576923076923,29.514423076923077,1.3281307598935272,3.6507960200642042,6.364442586139513,14.142135623730951,4.180864224287471,0.6047933916485742,502.5833084599651,794,2,-0.06261298627892843,0.02874828686127512,1.3059430149455027,-0.4298343666730604,0.1201923076923077,1.0,1,0.44702258252643784,0.9543269230769231,1.4420044044182767,831.0
person_20,spontaneous,32.300127713920816,29.452107279693486,1.5930114267208446,2.2366266453354897,6.307678501841978,9.486832980505138,3.33252550874606,0.5208948353151018,407.3397612164096,755,0,0.4687954715787713,0.5260496102108062,1.5002436500516252,-0.6351835313869114,0.09067688378033206,1.0,1,0.4920134411821614,0.9642401021711366,1.301016723554649,782.0
person_21,scripted,34.659217877094974,30.3463687150838,5.191143228039586,4.917541425101566,7.014141693670577,44.553338819890925,5.92097021751078,2.1969543345711444,784.3126974418985,252,14,0.5511712685310385,2.5656541866326017,13.270529613395631,16.914681609146584,0.31843575418994413,0.9748603351955307,10,0.42742009765667155,0.7039106145251397,1.998132156523124,34.8
person_21,spontaneous,36.12917594654788,27.044543429844097,11.874201833617768,11.933699762665952,7.017534717096732,41.10960958218893,11.834513608916948,5.081772790499747,2276.634210143887,289,83,1.4503294567556722,-0.7796457033896244,0.9702427714638118,1.362810065255383,0.3184855233853007,0.7015590200445434,47,0.8034999652816099,0.643652561247216,1.9919254210169648,8.553191489361701
person_22,scripted,43.70179948586118,53.53856041131105,6.5623254385775125,14.223955322041204,6.2887489688560425,35.84689665786984,25.509417757872395,6.39738875715602,4970.771064310227,557,180,-0.6925061116749747,-1.0193676270387522,-1.3479457977507407,-0.9251086035251213,0.06683804627249357,0.2686375321336761,151,0.8936972067911444,0.7159383033419023,1.6458541604304515,4.152317880794702
person_22,spontaneous,32.7195945945946,62.270270270270274,2.1068949345300534,0.9259894390395532,5.770314539321625,31.25699921617557,30.352029319641385,0.764640754495673,451.90268590694274,509,5,-0.2408359001803219,-0.5728237329298728,-1.2713635028735293,-1.554387524266658,0.033783783783783786,0.0,1,0.6251718867973824,0.8597972972972973,1.2425174744044019,591.0
person_23,scripted,30.516018306636155,32.51830663615561,3.953376005012296,16.752090604649037,7.271731696477691,34.88552708502482,14.771143884062273,9.518648972389897,8309.78055289638,605,231,-0.46123426161144687,1.105561644681139,5.463842967366979,-0.7359342142273779,0.12814645308924486,0.7448512585812357,35,0.868956665263834,0.6922196796338673,1.736969923041195,23.97142857142857
person_23,spontaneous,26.753128555176335,15.896473265073947,5.302407251535031,0.9264396954201936,7.1904007011291045,37.21558813185679,17.334289248323735,1.1621738303234792,1020.3886230240148,838,23,-4.58914425771102,-1.8745698076465065,20.05271782340695,7.966261009242849,0.034129692832764506,0.18885096700796358,24,0.4997291766812753,0.9533560864618885,1.2675974819952853,35.625
person_24,scripted,30.716374269005847,26.53216374269006,0.7832213842399843,1.3819016316518191,6.821643114271867,10.04987562112089,5.685392076547827,0.6026824092046128,411.63208548675055,663,0,0.3052765694604929,-0.5282233380569173,0.68188821539519,0.4128267450785259,0.04678362573099415,1.0,1,0.4200106431143611,0.9692982456140351,1.4617493415292628,683.0
person_24,spontaneous,30.716374269005847,26.53216374269006,0.7832213842399843,1.3819016316518191,6.821643114271867,10.04987562112089,5.685392076547827,0.6026824092046128,411.63208548675055,663,0,0.3052765694604929,-0.5282233380569173,0.68188821539519,0.4128267450785259,0.04678362573099415,1.0,1,0.4200106431143611,0.9692982456140351,1.4617493415292628,683.0
person_25,scripted,48.2671568627451,44.622549019607845,12.049435426940624,17.207782976337658,6.830318202569161,43.840620433565945,23.411703675254888,7.2422026355150955,2947.576472654644,255,111,0.17547732224050866,0.09961262589545515,-1.7828489096316675,-1.9675472580807372,0.1323529411764706,0.5024509803921569,53,0.8528039679710423,0.625,1.749412392204735,6.69811320754717
person_25,spontaneous,34.03536345776031,27.43811394891945,0.802755414453051,2.4827358977892082,7.107432595388387,31.064449134018133,5.316647277024817,0.89805964820478,456.21430128802825,472,4,-0.17808181047096572,11.697932153491124,1.826339295372164,163.4265801208734,0.0550098231827112,0.9960707269155207,1,0.37622821322925615,0.9273084479371316,1.3484620054382175,508.0
person_26,scripted,21.246169560776302,30.55464759959142,13.429497534323072,14.05953694448997,6.987985477459484,42.5205832509386,20.44296135124048,9.345582346985761,9139.979535352075,405,371,0.26012784486989254,0.3869458536269933,-0.34267641988574704,-0.8254690807884826,0.5372829417773238,0.4371807967313585,178,0.4700922847103891,0.4136874361593463,2.1927817969802956,4.5
person_26,spontaneous,25.631460674157303,22.829213483146066,3.4827630736803554,7.969963351323481,6.4074647422470346,34.438350715445125,13.577135560802864,3.9642632024533797,1760.1328618893006,322,36,2.665343133676456,4.629521757385353,12.019393290980073,20.321962701858144,0.18876404494382024,0.9573033707865168,21,0.5214068823731971,0.7235955056179775,1.7428297939891997,20.19047619047619
person_27,scripted,32.86437613019891,21.027124773960217,1.6223240005059427,4.449514125972558,6.581720398849336,28.284271247461902,11.789723668959702,1.4672361456396725,809.9143523930992,477,11,-0.050324698446728315,7.784618587950594,2.4742175072710086,63.67952177556076,0.09403254972875226,0.9855334538878843,1,0.38568506129191316,0.8625678119349005,1.6616471768208432,552.0
person_27,spontaneous,33.38505747126437,20.904214559386972,1.6070880954082156,5.7184770948225605,6.601013043704618,32.89376840679705,12.178593517863456,2.02901660871292,1057.1176531394312,374,20,1.8259291920036163,5.745051958976793,10.020118072057047,39.44714789822518,0.13218390804597702,0.9597701149425287,1,0.5374693724891866,0.7164750957854407,1.6467361692545919,521.0
person_28,scripted,42.72402597402598,50.451298701298704,6.533686751451924,12.236575370973274,6.827947275975228,37.44329045369811,21.70500988336989,5.848873965709885,1795.6043074729346,154,71,-0.24562585422019886,-0.47793621943008574,-1.3988100111119326,-1.49492254613454,0.34415584415584416,0.34415584415584416,49,0.48896124926386175,0.5,2.2199732992513455,5.285714285714286
person_28,spontaneous,42.763636363636365,57.18989898989899,5.689920318231602,8.743320121722062,6.543631313186978,40.45985664828782,28.46454875452885,6.756862690107543,3337.890168913126,127,195,-0.2801896082918907,-2.3063837511723952,-0.1084271532755503,5.789078351393744,0.4404040404040404,0.09898989898989899,113,0.484100506560678,0.25656565656565655,2.1657599141437154,3.3805309734513274
person_3,scripted,34.35048678720445,26.52712100139082,3.623983351746918,3.713114066801881,6.518259771802008,40.45985664828782,6.894314386326661,1.7240130348794245,1237.8413590434268,510,17,6.395346800872882,6.041687175777462,46.73073009589887,43.36986641596977,0.08484005563282336,0.9819193324061196,9,0.4421617513113926,0.7093184979137691,1.8847848317204887,78.88888888888889
person_3,spontaneous,34.32703659976387,25.90672963400236,2.779188713931158,3.3594071794036204,6.459326908902851,41.773197148410844,7.166898557241507,0.9577488425156472,810.2555207682375,786,9,7.623204630929913,8.18448286562993,78.34291741256395,72.5134933464091,0.06493506493506493,0.9893742621015348,7,0.934589609170115,0.9279811097992916,1.2799403953173536,120.0
person_4,scripted,52.741379310344826,23.389162561576356,15.546175332715165,18.431488911493183,7.16490300473764,43.139309220245984,32.45927553504455,12.87961784446628,5216.245227008843,198,115,-1.148810397051557,1.38354330906986,-0.32544918320312366,-0.030149208670440686,0.23399014778325122,0.03694581280788178,85,0.9119603619320735,0.4876847290640394,2.2548595955498434,3.776470588235294
person_4,spontaneous,41.25779376498801,37.5,14.874084326857169,20.527219653393868,7.35873458386165,42.44997055358225,26.777495138187525,18.378002369992913,15308.875974204097,244,435,0.0728444123834765,0.08361392570830087,-1.357709177335145,-1.8881768790067062,0.34172661870503596,0.15827338129496402,261,0.7944473935288378,0.29256594724220625,2.337361724701282,2.1954022988505746
person_5,scripted,51.16731517509728,58.57198443579767,6.994363089601717,2.7463884580038584,7.450222520832276,38.18376618407357,33.35983708074841,4.5774739833171765,1171.8333397291972,171,85,-1.2328499800216683,-8.758147100449369,2.0614211211014073,76.73749137633494,0.06614785992217899,0.011673151750972763,32,0.908111320264798,0.6653696498054474,1.1659742532137336,7.03125
person_5,spontaneous,28.86127167630058,36.65028901734104,1.7070536023629634,0.7588797447234281,7.500921220599426,8.06225774829855,5.87851243805354,0.31533244828445767,108.78969465813789,338,0,0.48277809163259616,0.7588005697226229,-0.9340593031220261,0.03127729218781994,0.05491329479768786,1.0,1,0.5853977388221785,0.976878612716763,0.7905247207766597,345.0
person_6,scripted,25.31750339213026,31.509497964721845,11.451583739267814,13.519299699976928,6.541299600589408,44.553338819890925,14.831307624352519,5.55551974975273,8183.280591385772,905,271,-0.07854083666725253,1.6055106971104276,2.3690323905716495,0.9463182394833187,0.24898236092265943,0.7503392130257802,131,0.748889569627425,0.6139755766621439,2.09382913040623,10.251908396946565
person_6,spontaneous,29.95679012345679,25.26388888888889,2.13186528925171,1.3337756666537028,6.357485787846747,13.601470508735444,7.31422116056367,0.7611381882581877,985.6739537943531,1192,0,-0.8731128156401635,-0.14052354017566362,1.0426345774186698,0.4101027571585987,0.06790123456790123,1.0,1,0.3616968128725144,0.9197530864197531,1.701271953947944,1295.0
person_7,scripted,33.5,24.729477611940297,2.6148390347342785,5.5237421714873625,6.435973632362292,37.44329045369811,8.863695427820861,1.2152116965046118,650.1382576299673,433,5,3.207775722649564,6.176395458036837,21.309554079960154,38.643886190904816,0.11194029850746269,0.9794776119402985,3,0.38063905174585055,0.8078358208955224,1.7446524533207666,177.66666666666666
person_7,spontaneous,36.01136363636363,34.16590909090909,3.5055904528732444,4.037661154668277,6.7583837518473,43.139309220245984,5.477036246523231,2.06296149748667,905.6400973966481,270,17,3.301319180315194,3.9156697600928267,23.411237226614883,26.463214209775195,0.25227272727272726,0.9886363636363636,5,0.31059868414096403,0.6136363636363636,2.173304679347299,87.0
person_8,scripted,29.0518444666002,24.808574277168496,8.95460407942742,19.289196459704957,7.410040838470488,44.553338819890925,16.40210970678694,14.271783419124722,14300.32698596297,553,405,-2.4394527985339245,-0.05724350454137625,5.616114209749021,-0.8960287169212959,0.08574277168494517,0.5752741774675972,121,0.8871822906345544,0.551345962113659,1.767378885237438,7.289256198347108
person_8,spontaneous,30.25979381443299,32.64226804123712,2.4177986300437793,4.9811685635317655,7.3415601776532355,44.553338819890925,2.8745064876812356,1.889285051541687,1830.7172149438948,902,48,-9.736677767751676,-4.255494019835598,113.10241820198195,37.027221351793635,0.024742268041237112,0.9731958762886598,9,0.9560468843467929,0.9298969072164949,1.117204150464683,106.77777777777777
person_9,scripted,32.459958932238195,24.790554414784395,1.612049024044597,1.246093938479126,6.606832218882954,10.44030650891055,7.408309288044506,1.1718900370134218,569.5385579885229,377,0,0.20643735875282662,0.483978105474802,1.1878184857669023,-0.09812161823392351,0.11088295687885011,1.0,1,0.3546406081603837,0.7741273100616016,1.9443704935484516,486.0
person_9,spontaneous,37.65972222222222,24.02777777777778,7.013636262923365,3.786144124949199,7.116788742831267,43.840620433565945,10.98537515274435,3.791646131277533,542.2053967726872,109,14,3.273036741877741,7.704395064980626,9.017361367733843,76.21464183743996,0.1736111111111111,0.9305555555555556,15,0.9072152446285795,0.7569444444444444,1.5957312078929118,8.6
